<component name="ProjectRunConfigurationManager">
  <configuration default="false" name="Report" type="Application" factoryName="Application" nameIsGenerated="true">
    <option name="MAIN_CLASS_NAME" value="org.conetex.runtime.instrument.metrics.cost.Report" />
    <module name="metrics-cost" />
    <extension name="coverage">
      <pattern>
        <option name="PATTERN" value="org.conetex.contract.runtime.instrument.*" />
        <option name="ENABLED" value="true" />
      </pattern>
    </extension>
    <method v="2">
      <option name="Make" enabled="true" />
    </method>
  </configuration>
</component>